shortnam,africa,lat_abst,rich4,avexpr,logpgp95,logem4,asia,loghjypl,baseco
AFG,0,0.3666667,0,NA,NA,4.540098,1,NA,NA
AGO,1,0.1366667,0,5.363636,7.770645,5.634789,0,-3.411248,1
ARE,0,0.2666667,0,7.181818,9.804219,NA,1,NA,NA
ARG,0,0.3777778,0,6.386364,9.133459,4.232656,0,-0.8722738,1
ARM,0,0.4444444,0,NA,7.682482,NA,1,NA,NA
AUS,0,0.3,1,9.318182,9.897972,2.145931,0,-0.1707883,1
AUT,0,0.5244445,0,9.727273,9.974877,NA,0,-0.3438998,NA
AZE,0,0.4477778,0,NA,7.306531,NA,1,NA,NA
BDI,1,0.0366667,0,NA,6.565265,5.634789,0,-3.506558,NA
BEL,0,0.5611111,0,9.681818,9.992871,NA,0,-0.1791266,NA
BEN,1,0.1033333,0,NA,7.090077,5.585449,0,-2.830218,NA
BFA,1,0.1444445,0,4.454545,6.84588,5.634789,0,-3.540459,1
BGD,0,0.2666667,0,5.136364,6.877296,4.268438,1,-2.063568,1
BGR,0,0.4777778,0,8.909091,8.457443,NA,0,NA,NA
BHR,0,0.2888889,0,8,9.685953,NA,1,NA,NA
BHS,0,0.2683333,0,7.5,9.285448,4.442651,0,NA,1
BIH,0,0.4888889,0,NA,NA,NA,0,NA,NA
BLR,0,0.5888889,0,NA,8.340456,NA,0,NA,NA
BLZ,0,0.1905556,0,NA,8.377932,5.095589,0,NA,NA
BOL,0,0.1888889,0,5.636364,7.926602,4.26268,0,-1.966113,1
BRA,0,0.1111111,0,7.909091,8.727454,4.26268,0,-1.142564,1
BRB,0,0.1455556,0,NA,9.266721,4.442651,0,-0.9063404,NA
BTN,0,0.3033333,0,NA,NA,NA,0,NA,NA
BWA,1,0.2444444,0,7.727273,8.855093,NA,0,-2.36446,NA
CAF,1,0.0777778,0,NA,7.192934,5.634789,0,-3.411248,NA
CAN,0,0.6666667,1,9.727273,9.986449,2.778819,0,-0.0608122,1
CHE,0,0.5222222,0,10,10.12021,NA,0,-0.1346749,NA
CHL,0,0.3333333,0,7.818182,9.336092,4.232656,0,-1.335601,1
CHN,0,0.3888889,0,7.772727,7.886081,4.770685,1,-2.813411,NA
CIV,1,0.0888889,0,7,7.444249,6.504288,0,-2.333044,1
CMR,1,0.0666667,0,6.454545,7.501082,5.634789,0,-2.577022,1
COG,1,0.0111111,0,4.681818,7.420579,5.480639,0,-2.103734,1
COL,0,0.0444444,0,7.318182,8.809863,4.26268,0,-1.331806,1
COM,1,0.1344444,0,NA,7.383989,NA,0,-3.352407,NA
CPV,1,0.1777778,0,NA,7.979339,NA,0,-2.577022,NA
CRI,0,0.1111111,0,7.045455,8.794825,4.35799,0,-1.358679,1
CZE,0,0.5494444,0,8.863636,9.204322,NA,0,-1.555897,NA
DEU,0,0.5666667,0,NA,9.935471,NA,0,-0.2008929,NA
DJI,1,0.1255556,0,NA,NA,3.258096,0,NA,NA
DNK,0,0.6222222,0,9.727273,10.00559,NA,0,-0.3710637,NA
DOM,0,0.2111111,0,6.181818,8.364042,4.867535,0,-1.579879,1
DZA,1,0.3111111,0,6.5,8.389359,4.35927,0,-1.114742,1
ECU,0,0.0222222,0,6.545455,8.470101,4.26268,0,-1.439695,1
EGY,1,0.3,0,6.772727,7.95156,4.216562,0,-1.676647,1
ERI,1,0.1666667,0,NA,6.620073,NA,0,NA,NA
ESP,0,0.4444444,0,9.681818,9.618468,NA,0,-0.3827257,NA
EST,0,0.6555555,0,NA,8.393895,NA,0,NA,NA
ETH,1,0.0888889,0,5.727273,6.109248,3.258096,0,NA,1
FIN,0,0.7111111,0,9.727273,9.826066,NA,0,-0.3092462,NA
FJI,0,0.2,0,NA,8.301521,2.433613,0,-1.298283,NA
FRA,0,0.5111111,0,9.727273,9.963641,1.05779,0,-0.2008929,NA
GAB,1,0.0111111,0,7.818182,8.907883,5.634789,0,-1.851509,1
GBR,0,0.6,0,9.772727,9.87817,0.9360933,0,-0.3188288,NA
GEO,0,0.4666667,0,NA,7.37149,NA,1,NA,NA
GHA,1,0.0888889,0,6.272727,7.36518,6.504288,0,-2.956511,1
GIN,1,0.1222222,0,6.545455,7.489971,6.180017,0,-3.146555,1
GMB,1,0.1475556,0,8.272727,7.272398,7.293018,0,-3.036554,1
GNB,1,0.1333333,0,4.545455,NA,5.103883,0,-3.244194,NA
GRC,0,0.4333333,0,7.818182,9.39765,NA,0,-0.7571525,NA
GTM,0,0.17,0,5.136364,8.294049,4.26268,0,-1.560648,1
GUY,0,0.0555556,0,5.886364,7.904704,3.471345,0,-2.253795,1
HKG,0,0.2461111,0,8.136364,10.04975,2.701361,1,-0.4975804,1
HND,0,0.1666667,0,5.318182,7.68708,4.35799,0,-2.040221,1
HRV,0,0.5011111,0,NA,8.418477,NA,0,NA,NA
HTI,0,0.2111111,0,3.727273,7.146772,4.867535,0,-2.864704,1
HUN,0,0.5222222,0,9,8.809863,NA,0,-1.180907,NA
IDN,0,0.0556,0,7.590909,8.070906,5.135798,1,-2.207275,1
IND,0,0.2222,0,8.272727,7.326,3.884241,1,-2.453408,1
IRL,0,0.5888889,0,9.727273,9.769384,NA,0,-0.549913,NA
IRN,0,0.3555556,0,4.772727,8.605204,NA,1,-1.22078,NA
IRQ,0,0.3666667,0,1.636364,NA,NA,1,NA,NA
ISL,0,0.7222222,0,9.727273,9.943669,NA,0,-0.3147107,NA
ISR,0,0.3477778,0,8.545455,9.784141,NA,1,-0.4170318,NA
ITA,0,0.4722222,0,9.454545,9.897972,NA,0,-0.1815219,NA
JAM,0,0.2016667,0,7.090909,8.188689,4.867535,0,-2.040221,1
JOR,0,0.3444445,0,6.772727,8.171882,NA,1,-0.87707,NA
JPN,0,0.4,0,9.727273,10.03408,NA,1,-0.5327305,NA
KAZ,0,0.5333334,0,NA,8.131531,NA,1,NA,NA
KEN,1,0.0111111,0,6.045455,7.056175,4.976734,0,-2.882404,1
KGZ,0,0.4555556,0,NA,7.575585,NA,1,NA,NA
KOR,0,0.4111111,0,8.636364,9.415728,4.770685,1,-0.967584,NA
KWT,0,0.3255555,0,7.045455,9.803667,NA,1,NA,NA
LAO,0,0.2,0,NA,7.090077,4.941642,1,NA,NA
LBR,1,0.07,0,3.636364,NA,6.180017,0,NA,NA
LBY,1,0.2777778,0,5.272727,NA,NA,0,NA,NA
LKA,0,0.0777778,0,6.045455,7.731931,4.245634,1,-1.86433,1
LSO,1,0.3255555,0,NA,7.306531,NA,0,-2.764621,NA
LTU,0,0.6222222,0,NA,8.237479,NA,0,NA,NA
LUX,0,0.5494444,0,10,10.28875,NA,0,-0.0140989,NA
LVA,0,0.6333333,0,NA,8.154788,NA,0,NA,NA
MAR,1,0.3555556,0,7.090909,8.042378,4.35927,0,-1.676647,1
MDA,0,0.5222222,0,NA,7.377759,NA,0,NA,NA
MDG,1,0.2222222,0,4.454545,6.835185,6.284209,0,-3.194183,1
MEX,0,0.2555556,0,7.5,8.943768,4.26268,0,-0.8370175,1
MKD,0,0.4611111,0,NA,8.061487,NA,0,NA,NA
MLI,1,0.1888889,0,4,6.565265,7.986165,0,-3.352407,1
MLT,0,0.3944444,0,7.227273,9.427063,2.791165,0,-0.7700282,1
MMR,0,0.2444444,0,5.772727,NA,3.543854,1,-3.540459,NA
MNG,0,0.5111111,0,7.363636,7.299798,NA,1,NA,NA
MOZ,1,0.2016667,0,6.5,6.461468,NA,0,-3.244194,NA
MRT,1,0.2222222,0,NA,7.414573,5.634789,0,-2.995732,NA
MUS,1,0.2241111,0,NA,9.053686,3.417727,0,-1.339411,NA
MWI,1,0.1477778,0,6.818182,6.461468,NA,0,-3.506558,NA
MYS,0,0.0255556,0,7.954545,8.894258,2.873565,1,-1.320507,1
NAM,1,0.2444444,0,NA,8.515191,NA,0,-1.639897,NA
NER,1,0.1777778,0,5,6.733402,5.991465,0,-3.540459,1
NGA,1,0.1111111,0,5.545455,6.813445,7.602901,0,-3.036554,1
NIC,0,0.1444445,0,5.227273,7.544332,5.095589,0,-2.071473,1
NLD,0,0.5811111,0,10,9.896966,NA,0,-0.2156715,NA
NOR,0,0.6888889,0,9.954545,10.02393,NA,0,-0.2757535,NA
NPL,0,0.3111111,0,NA,6.937314,NA,1,NA,NA
NZL,0,0.4555556,1,9.727273,9.756147,2.145931,0,-0.3326794,1
OMN,0,0.2333333,0,7.136364,9.208339,NA,1,-0.8580219,NA
PAK,0,0.3333333,0,6.045455,7.352441,3.610648,1,-2.055725,1
PAN,0,0.1,0,5.909091,8.836374,5.095589,0,-1.500584,1
PER,0,0.1111111,0,5.772727,8.396154,4.26268,0,-1.439695,1
PHL,0,0.1444445,0,5.454545,8.098643,NA,1,-2.071473,NA
PNG,0,0.0666667,0,7.272727,NA,5.135798,1,-2.551046,NA
POL,0,0.5777778,0,7.681818,8.655214,NA,0,-1.435485,NA
PRK,0,0.4444444,0,NA,NA,NA,0,NA,NA
PRT,0,0.4366667,0,9.181818,9.489486,NA,0,-1.005122,NA
PRY,0,0.2555556,0,6.954545,8.207947,4.35799,0,-1.771957,1
QAT,0,0.2811111,0,7.727273,9.685331,NA,1,NA,NA
ROM,0,0.5111111,0,7.272727,8.387085,NA,0,-2.180367,NA
RUS,0,0.6666667,0,8.454545,8.405144,NA,0,-0.8746691,NA
RWA,1,0.0222222,0,NA,6.476973,5.634789,0,-3.146555,NA
SAU,0,0.2777778,0,7.590909,9.2399,NA,1,-0.638659,NA
SDN,1,0.1666667,0,4,7.306531,4.479607,0,-2.703063,1
SEN,1,0.1555556,0,6,7.402452,5.103883,0,-2.631089,1
SGP,0,0.0135556,0,9.318182,10.14643,2.873565,1,-0.5008753,1
SLE,1,0.0922222,0,5.818182,6.253829,6.180017,0,-2.748872,1
SLV,0,0.15,0,5,7.948032,4.35799,0,-1.851509,1
SOM,1,0.1111111,0,3,NA,NA,0,-3.015935,NA
STP,0,0.0111111,0,8.409091,NA,NA,0,NA,NA
SUR,0,0.0444444,0,4.681818,8.01,3.471345,0,-1.370421,NA
SVK,0,0.5377778,0,NA,8.852236,NA,0,NA,NA
SVN,0,0.5111111,0,NA,9.300181,NA,0,NA,NA
SWE,0,0.6888889,0,9.5,9.866304,NA,0,-0.239527,NA
SWZ,1,0.2922222,0,NA,8.10772,NA,0,-1.807889,NA
SYR,0,0.3888889,0,5.818182,8.029433,NA,1,-0.8255364,NA
TCD,1,0.1666667,0,NA,6.835185,5.634789,0,-3.442019,NA
TGO,1,0.0888889,0,6.909091,7.222566,6.504288,0,-3.218876,1
THA,0,0.1666667,0,7.636364,8.774931,4.941642,1,-1.851509,NA
TJK,0,0.4333333,0,NA,6.887553,NA,1,NA,NA
TKM,0,0.4444444,0,NA,7.640123,NA,1,NA,NA
TTO,0,0.1222222,0,7.454545,8.76873,4.442651,0,-0.6971552,1
TUN,1,0.3777778,0,6.454545,8.482602,4.143135,0,-1.527858,1
TUR,0,0.4333333,0,7.454545,8.641179,NA,1,-1.52326,NA
TWN,0,NA,0,9.227273,NA,NA,1,-0.809681,NA
TZA,1,0.0666667,0,6.636364,6.253829,5.634789,0,-3.442019,1
UGA,1,0.0111111,0,4.454545,6.966024,5.634789,0,-3.442019,1
UKR,0,0.5444444,0,NA,7.811974,NA,0,NA,NA
URY,0,0.3666667,0,7,9.031214,4.26268,0,-1.07881,1
USA,0,0.4222222,1,10,10.21574,2.70805,0,0,1
UZB,0,0.4555556,0,NA,7.807917,NA,1,NA,NA
VEN,0,0.0888889,0,7.136364,9.071078,4.35799,0,-0.7031975,1
VNM,0,0.1777778,0,6.409091,7.279319,4.941642,1,NA,1
YEM,0,0.1666667,0,6.363636,6.64639,NA,1,-1.551169,NA
YUG,0,0.4888889,0,6.318182,NA,NA,0,-1.203973,NA
ZAF,1,0.3222222,0,6.863636,8.885994,2.74084,0,-1.386294,1
ZAR,1,0,0,3.5,6.866933,5.480639,0,-3.411248,1
ZMB,1,0.1666667,0,6.636364,6.813445,NA,0,-2.97593,NA
ZWE,1,0.2222222,0,6,7.696213,NA,0,-2.733368,NA
